<?xml version="1.0" encoding="UTF-8"?>
<project-private xmlns="http://www.netbeans.org/ns/project-private/1">
    <editor-bookmarks xmlns="http://www.netbeans.org/ns/editor-bookmarks/2" lastBookmarkId="0"/>
    <open-files xmlns="http://www.netbeans.org/ns/projectui-open-files/2">
        <group>
            <file>file:/Users/parham/Desktop/uni/CatSounds/src/CatGame/timecal.java</file>
            <file>file:/Users/parham/Desktop/uni/CatSounds/src/CatGame/menu.java</file>
            <file>file:/Users/parham/Desktop/uni/CatSounds/src/CatGame/MyFrame.java</file>
            <file>file:/Users/parham/Desktop/uni/CatSounds/src/CatGame/AccountInfo.java</file>
            <file>file:/Users/parham/Desktop/uni/CatSounds/src/CatGame/login.java</file>
            <file>file:/Users/parham/Desktop/uni/CatSounds/src/CatGame/keylist.java</file>
            <file>file:/Users/parham/Desktop/uni/CatSounds/src/CatGame/Home.java</file>
        </group>
    </open-files>
</project-private>
